strategy,run,agentCount,elapsedTimeSeconds,initialTrashMass,collectedTrashMass,remainingTrashMass,collectionRate,totalTravelDistanceMeters,totalIdleTimeSeconds,midpointIdleRate,averageZoneImbalance,finalZoneImbalance,allTrashCollected
random,0,20,1800.0,1410,1007,403,0.7141843971631205,40669.800196234246,0.0,0.00704772475027747,1076.7116415391845,397.7735802469135,False
trash_priority,0,20,1800.0,1410,1038,372,0.7361702127659574,40640.021459521224,0.0,0.00632630410654828,660.2973312441712,373.7558888888889,False
uniform,0,20,1800.0,1410,998,412,0.7078014184397163,40675.045224444315,0.0,0.008712541620421755,1583.3354109376821,207.86228888888888,False
