strategy,run,agentCount,elapsedTimeSeconds,initialTrashMass,collectedTrashMass,remainingTrashMass,collectionRate,totalTravelDistanceMeters,totalIdleTimeSeconds,midpointIdleRate,averageZoneImbalance,finalZoneImbalance,allTrashCollected
random,0,20,1800.0,1410,192,1218,0.13617021276595745,43069.79879136578,0.0,0.0009433962264150945,1881.7465360562965,1083.593024691358,False
trash_priority,0,20,1800.0,1410,189,1221,0.13404255319148936,43086.29480970273,0.0,0.0006104328523862376,631.1958366929209,702.0213037037037,False
uniform,0,20,1800.0,1410,187,1223,0.1326241134751773,43089.659235700674,0.0,0.000776914539400666,2880.3423089024614,2450.357222222222,False
