strategy,runs,agentCount,collectionRateMean,collectionRateStd,remainingTrashMassMean,remainingTrashMassStd,collectedTrashMassMean,collectedTrashMassStd,totalTravelDistanceMetersMean,totalTravelDistanceMetersStd,totalIdleTimeSecondsMean,totalIdleTimeSecondsStd,midpointIdleRateMean,midpointIdleRateStd,averageZoneImbalanceMean,averageZoneImbalanceStd,finalZoneImbalanceMean,finalZoneImbalanceStd
random,10,20,0.7716914904990816,0.05634765894762965,303.3,74.04060447559239,1027.5,92.69334148446454,40573.35306484394,170.17832825777785,0.0,0.0,0.014894561598224196,0.001694397458997244,1644.0300154461218,615.2960330574319,589.6355627394435,393.5524857210367
trash_priority,10,20,0.8020214335275101,0.018449636949273995,263.8,29.79112470369508,1067.0,39.395431207184416,40504.38081537395,94.80239079838877,0.0,0.0,0.013873473917869035,0.0012211459448093975,560.371723941345,102.08966871289397,330.9840560161038,89.27989717265153
uniform,10,20,0.8344005041688816,0.03031404971634914,220.2,40.22934252507739,1110.6,62.77331350891785,40329.3301495061,97.44369622081797,0.0,0.0,0.015899001109877915,0.0014063928875165078,1366.624765763577,205.2857652062016,191.33079784342544,130.72228248919586
