strategy,run,agentCount,elapsedTimeSeconds,initialTrashMass,collectedTrashMass,remainingTrashMass,collectionRate,totalTravelDistanceMeters,totalIdleTimeSeconds,midpointIdleRate,averageZoneImbalance,finalZoneImbalance,allTrashCollected
random,0,20,1800.0,1410,1007,403,0.7141843971631205,40669.12040712893,0.0,0.00704772475027747,1076.7974556851132,397.7735802469135,False
trash_priority,0,20,1800.0,1410,1013,397,0.7184397163120567,40690.05849218015,0.0,0.007103218645948946,959.7050926533215,562.5148839506172,False
uniform,0,20,1800.0,1410,998,412,0.7078014184397163,40673.19977321797,0.0,0.008712541620421755,1583.279166530254,207.86228888888888,False
